<?xml version="1.0" encoding="UTF-8"?>
<export version="D">
  <design>
    <source>C:\Users\tmcdo\Documents\GitHub\PCBFiles\ConsolePedalDistortion\ConsolePedalDistortion.sch</source>
    <date>11/8/2020 3:23:34 PM</date>
    <tool>Eeschema (5.1.7)-1</tool>
    <sheet number="1" name="/" tstamps="/">
      <title_block>
        <title/>
        <company/>
        <rev/>
        <date/>
        <source>ConsolePedalDistortion.sch</source>
        <comment number="1" value=""/>
        <comment number="2" value=""/>
        <comment number="3" value=""/>
        <comment number="4" value=""/>
      </title_block>
    </sheet>
  </design>
  <components>
    <comp ref="C1">
      <value>0.1uF</value>
      <footprint>Capacitor_SMD:C_0603_1608Metric</footprint>
      <datasheet>~</datasheet>
      <libsource lib="Device" part="C" description="Unpolarized capacitor"/>
      <sheetpath names="/" tstamps="/"/>
      <tstamp>5FA78B75</tstamp>
    </comp>
    <comp ref="Q1">
      <value>2N3904</value>
      <footprint>Package_TO_SOT_SMD:SOT-23</footprint>
      <datasheet>https://www.onsemi.com/pub/Collateral/2N3903-D.PDF</datasheet>
      <libsource lib="Transistor_BJT" part="2N3904" description="0.2A Ic, 40V Vce, Small Signal NPN Transistor, TO-92"/>
      <sheetpath names="/" tstamps="/"/>
      <tstamp>5FA86C50</tstamp>
    </comp>
    <comp ref="R1">
      <value>2M</value>
      <footprint>Resistor_SMD:R_0603_1608Metric</footprint>
      <datasheet>~</datasheet>
      <libsource lib="Device" part="R" description="Resistor"/>
      <sheetpath names="/" tstamps="/"/>
      <tstamp>5FA87CBD</tstamp>
    </comp>
    <comp ref="R2">
      <value>4.7K</value>
      <footprint>Resistor_SMD:R_0603_1608Metric</footprint>
      <datasheet>~</datasheet>
      <libsource lib="Device" part="R" description="Resistor"/>
      <sheetpath names="/" tstamps="/"/>
      <tstamp>5FA88631</tstamp>
    </comp>
    <comp ref="C2">
      <value>0.1uF</value>
      <footprint>Capacitor_SMD:C_0603_1608Metric</footprint>
      <datasheet>~</datasheet>
      <libsource lib="Device" part="C" description="Unpolarized capacitor"/>
      <sheetpath names="/" tstamps="/"/>
      <tstamp>5FA8902A</tstamp>
    </comp>
    <comp ref="D3">
      <value>1N914</value>
      <footprint>Diode_SMD:D_SOD-323</footprint>
      <datasheet>http://www.vishay.com/docs/85622/1n914.pdf</datasheet>
      <libsource lib="Diode" part="1N914" description="100V 0.3A Small Signal Fast Switching Diode, DO-35"/>
      <sheetpath names="/" tstamps="/"/>
      <tstamp>5FA89B3D</tstamp>
    </comp>
    <comp ref="D4">
      <value>1N914</value>
      <footprint>Diode_SMD:D_SOD-323</footprint>
      <datasheet>http://www.vishay.com/docs/85622/1n914.pdf</datasheet>
      <libsource lib="Diode" part="1N914" description="100V 0.3A Small Signal Fast Switching Diode, DO-35"/>
      <sheetpath names="/" tstamps="/"/>
      <tstamp>5FA8A31D</tstamp>
    </comp>
    <comp ref="RV2">
      <value>250K Volume</value>
      <footprint>Connector_PinSocket_2.54mm:PinSocket_1x03_P2.54mm_Vertical</footprint>
      <datasheet>~</datasheet>
      <libsource lib="Device" part="R_POT" description="Potentiometer"/>
      <sheetpath names="/" tstamps="/"/>
      <tstamp>5FA8CF3E</tstamp>
    </comp>
    <comp ref="D1">
      <value>LED</value>
      <footprint>LED_THT:LED_D5.0mm</footprint>
      <datasheet>~</datasheet>
      <libsource lib="Device" part="LED" description="Light emitting diode"/>
      <sheetpath names="/" tstamps="/"/>
      <tstamp>5FA93C7E</tstamp>
    </comp>
    <comp ref="D2">
      <value>LED</value>
      <footprint>LED_THT:LED_D5.0mm</footprint>
      <datasheet>~</datasheet>
      <libsource lib="Device" part="LED" description="Light emitting diode"/>
      <sheetpath names="/" tstamps="/"/>
      <tstamp>5FA94A27</tstamp>
    </comp>
    <comp ref="R3">
      <value>100K</value>
      <footprint>Resistor_SMD:R_0603_1608Metric</footprint>
      <datasheet>~</datasheet>
      <libsource lib="Device" part="R" description="Resistor"/>
      <sheetpath names="/" tstamps="/"/>
      <tstamp>5FA964BB</tstamp>
    </comp>
    <comp ref="RV1">
      <value>250K Distortion</value>
      <footprint>Connector_PinSocket_2.54mm:PinSocket_1x03_P2.54mm_Vertical</footprint>
      <datasheet>~</datasheet>
      <libsource lib="Device" part="R_POT" description="Potentiometer"/>
      <sheetpath names="/" tstamps="/"/>
      <tstamp>5FA79A47</tstamp>
    </comp>
    <comp ref="J1">
      <value>Conn_02x25_Counter_Clockwise</value>
      <footprint>libraries:N64-Connector</footprint>
      <datasheet>~</datasheet>
      <libsource lib="Connector_Generic" part="Conn_02x25_Counter_Clockwise" description="Generic connector, double row, 02x25, counter clockwise pin numbering scheme (similar to DIP packge numbering), script generated (kicad-library-utils/schlib/autogen/connector/)"/>
      <sheetpath names="/" tstamps="/"/>
      <tstamp>5FAA85D7</tstamp>
    </comp>
  </components>
  <libparts>
    <libpart lib="Connector_Generic" part="Conn_02x25_Counter_Clockwise">
      <description>Generic connector, double row, 02x25, counter clockwise pin numbering scheme (similar to DIP packge numbering), script generated (kicad-library-utils/schlib/autogen/connector/)</description>
      <docs>~</docs>
      <footprints>
        <fp>Connector*:*_2x??_*</fp>
      </footprints>
      <fields>
        <field name="Reference">J</field>
        <field name="Value">Conn_02x25_Counter_Clockwise</field>
      </fields>
      <pins>
        <pin num="1" name="Pin_1" type="passive"/>
        <pin num="2" name="Pin_2" type="passive"/>
        <pin num="3" name="Pin_3" type="passive"/>
        <pin num="4" name="Pin_4" type="passive"/>
        <pin num="5" name="Pin_5" type="passive"/>
        <pin num="6" name="Pin_6" type="passive"/>
        <pin num="7" name="Pin_7" type="passive"/>
        <pin num="8" name="Pin_8" type="passive"/>
        <pin num="9" name="Pin_9" type="passive"/>
        <pin num="10" name="Pin_10" type="passive"/>
        <pin num="11" name="Pin_11" type="passive"/>
        <pin num="12" name="Pin_12" type="passive"/>
        <pin num="13" name="Pin_13" type="passive"/>
        <pin num="14" name="Pin_14" type="passive"/>
        <pin num="15" name="Pin_15" type="passive"/>
        <pin num="16" name="Pin_16" type="passive"/>
        <pin num="17" name="Pin_17" type="passive"/>
        <pin num="18" name="Pin_18" type="passive"/>
        <pin num="19" name="Pin_19" type="passive"/>
        <pin num="20" name="Pin_20" type="passive"/>
        <pin num="21" name="Pin_21" type="passive"/>
        <pin num="22" name="Pin_22" type="passive"/>
        <pin num="23" name="Pin_23" type="passive"/>
        <pin num="24" name="Pin_24" type="passive"/>
        <pin num="25" name="Pin_25" type="passive"/>
        <pin num="26" name="Pin_26" type="passive"/>
        <pin num="27" name="Pin_27" type="passive"/>
        <pin num="28" name="Pin_28" type="passive"/>
        <pin num="29" name="Pin_29" type="passive"/>
        <pin num="30" name="Pin_30" type="passive"/>
        <pin num="31" name="Pin_31" type="passive"/>
        <pin num="32" name="Pin_32" type="passive"/>
        <pin num="33" name="Pin_33" type="passive"/>
        <pin num="34" name="Pin_34" type="passive"/>
        <pin num="35" name="Pin_35" type="passive"/>
        <pin num="36" name="Pin_36" type="passive"/>
        <pin num="37" name="Pin_37" type="passive"/>
        <pin num="38" name="Pin_38" type="passive"/>
        <pin num="39" name="Pin_39" type="passive"/>
        <pin num="40" name="Pin_40" type="passive"/>
        <pin num="41" name="Pin_41" type="passive"/>
        <pin num="42" name="Pin_42" type="passive"/>
        <pin num="43" name="Pin_43" type="passive"/>
        <pin num="44" name="Pin_44" type="passive"/>
        <pin num="45" name="Pin_45" type="passive"/>
        <pin num="46" name="Pin_46" type="passive"/>
        <pin num="47" name="Pin_47" type="passive"/>
        <pin num="48" name="Pin_48" type="passive"/>
        <pin num="49" name="Pin_49" type="passive"/>
        <pin num="50" name="Pin_50" type="passive"/>
      </pins>
    </libpart>
    <libpart lib="Device" part="C">
      <description>Unpolarized capacitor</description>
      <docs>~</docs>
      <footprints>
        <fp>C_*</fp>
      </footprints>
      <fields>
        <field name="Reference">C</field>
        <field name="Value">C</field>
      </fields>
      <pins>
        <pin num="1" name="~" type="passive"/>
        <pin num="2" name="~" type="passive"/>
      </pins>
    </libpart>
    <libpart lib="Device" part="LED">
      <description>Light emitting diode</description>
      <docs>~</docs>
      <footprints>
        <fp>LED*</fp>
        <fp>LED_SMD:*</fp>
        <fp>LED_THT:*</fp>
      </footprints>
      <fields>
        <field name="Reference">D</field>
        <field name="Value">LED</field>
      </fields>
      <pins>
        <pin num="1" name="K" type="passive"/>
        <pin num="2" name="A" type="passive"/>
      </pins>
    </libpart>
    <libpart lib="Device" part="R">
      <description>Resistor</description>
      <docs>~</docs>
      <footprints>
        <fp>R_*</fp>
      </footprints>
      <fields>
        <field name="Reference">R</field>
        <field name="Value">R</field>
      </fields>
      <pins>
        <pin num="1" name="~" type="passive"/>
        <pin num="2" name="~" type="passive"/>
      </pins>
    </libpart>
    <libpart lib="Device" part="R_POT">
      <description>Potentiometer</description>
      <docs>~</docs>
      <footprints>
        <fp>Potentiometer*</fp>
      </footprints>
      <fields>
        <field name="Reference">RV</field>
        <field name="Value">R_POT</field>
      </fields>
      <pins>
        <pin num="1" name="1" type="passive"/>
        <pin num="2" name="2" type="passive"/>
        <pin num="3" name="3" type="passive"/>
      </pins>
    </libpart>
    <libpart lib="Diode" part="1N4148">
      <aliases>
        <alias>1N4448</alias>
        <alias>1N4149</alias>
        <alias>1N4151</alias>
        <alias>1N914</alias>
        <alias>BA243</alias>
        <alias>BA244</alias>
        <alias>BA282</alias>
        <alias>BA283</alias>
        <alias>BAV17</alias>
        <alias>BAV18</alias>
        <alias>BAV19</alias>
        <alias>BAV20</alias>
        <alias>BAV21</alias>
        <alias>BAW75</alias>
        <alias>BAW76</alias>
        <alias>BAY93</alias>
      </aliases>
      <description>100V 0.15A standard switching diode, DO-35</description>
      <docs>https://assets.nexperia.com/documents/data-sheet/1N4148_1N4448.pdf</docs>
      <footprints>
        <fp>D*DO?35*</fp>
      </footprints>
      <fields>
        <field name="Reference">D</field>
        <field name="Value">1N4148</field>
        <field name="Footprint">Diode_THT:D_DO-35_SOD27_P7.62mm_Horizontal</field>
      </fields>
      <pins>
        <pin num="1" name="K" type="passive"/>
        <pin num="2" name="A" type="passive"/>
      </pins>
    </libpart>
    <libpart lib="Transistor_BJT" part="2N3904">
      <description>0.2A Ic, 40V Vce, Small Signal NPN Transistor, TO-92</description>
      <docs>https://www.onsemi.com/pub/Collateral/2N3903-D.PDF</docs>
      <footprints>
        <fp>TO?92*</fp>
      </footprints>
      <fields>
        <field name="Reference">Q</field>
        <field name="Value">2N3904</field>
        <field name="Footprint">Package_TO_SOT_THT:TO-92_Inline</field>
      </fields>
      <pins>
        <pin num="1" name="E" type="passive"/>
        <pin num="2" name="B" type="passive"/>
        <pin num="3" name="C" type="passive"/>
      </pins>
    </libpart>
  </libparts>
  <libraries>
    <library logical="Connector_Generic">
      <uri>C:\Program Files\KiCad\share\kicad\library/Connector_Generic.lib</uri>
    </library>
    <library logical="Device">
      <uri>C:\Program Files\KiCad\share\kicad\library/Device.lib</uri>
    </library>
    <library logical="Diode">
      <uri>C:\Program Files\KiCad\share\kicad\library/Diode.lib</uri>
    </library>
    <library logical="Transistor_BJT">
      <uri>C:\Program Files\KiCad\share\kicad\library/Transistor_BJT.lib</uri>
    </library>
  </libraries>
  <nets>
    <net code="1" name="Net-(J1-Pad12)">
      <node ref="J1" pin="12"/>
    </net>
    <net code="2" name="GND">
      <node ref="J1" pin="27"/>
      <node ref="J1" pin="26"/>
      <node ref="J1" pin="25"/>
      <node ref="J1" pin="24"/>
      <node ref="J1" pin="50"/>
      <node ref="J1" pin="49"/>
      <node ref="D4" pin="1"/>
      <node ref="D3" pin="2"/>
      <node ref="RV2" pin="3"/>
      <node ref="Q1" pin="1"/>
      <node ref="R3" pin="1"/>
      <node ref="J1" pin="2"/>
      <node ref="J1" pin="1"/>
    </net>
    <net code="3" name="Net-(C1-Pad2)">
      <node ref="RV1" pin="1"/>
      <node ref="C1" pin="2"/>
    </net>
    <net code="4" name="/Output">
      <node ref="J1" pin="29"/>
      <node ref="J1" pin="22"/>
      <node ref="J1" pin="4"/>
      <node ref="J1" pin="47"/>
      <node ref="RV2" pin="2"/>
    </net>
    <net code="5" name="Net-(J1-Pad10)">
      <node ref="J1" pin="10"/>
    </net>
    <net code="6" name="Net-(J1-Pad11)">
      <node ref="J1" pin="11"/>
    </net>
    <net code="7" name="Net-(J1-Pad13)">
      <node ref="J1" pin="13"/>
    </net>
    <net code="8" name="Net-(J1-Pad14)">
      <node ref="J1" pin="14"/>
    </net>
    <net code="9" name="Net-(J1-Pad15)">
      <node ref="J1" pin="15"/>
    </net>
    <net code="10" name="Net-(J1-Pad16)">
      <node ref="J1" pin="16"/>
    </net>
    <net code="11" name="Net-(J1-Pad17)">
      <node ref="J1" pin="17"/>
    </net>
    <net code="12" name="Net-(J1-Pad18)">
      <node ref="J1" pin="18"/>
    </net>
    <net code="13" name="Net-(J1-Pad19)">
      <node ref="J1" pin="19"/>
    </net>
    <net code="14" name="Net-(D1-Pad1)">
      <node ref="D2" pin="1"/>
      <node ref="D1" pin="1"/>
      <node ref="R3" pin="2"/>
    </net>
    <net code="15" name="/LEDPower">
      <node ref="D2" pin="2"/>
      <node ref="D1" pin="2"/>
      <node ref="J1" pin="20"/>
      <node ref="J1" pin="31"/>
      <node ref="J1" pin="6"/>
      <node ref="J1" pin="45"/>
    </net>
    <net code="16" name="+9V">
      <node ref="J1" pin="5"/>
      <node ref="R2" pin="1"/>
      <node ref="J1" pin="46"/>
      <node ref="J1" pin="30"/>
      <node ref="J1" pin="21"/>
    </net>
    <net code="17" name="Net-(J1-Pad40)">
      <node ref="J1" pin="40"/>
    </net>
    <net code="18" name="Net-(J1-Pad41)">
      <node ref="J1" pin="41"/>
    </net>
    <net code="19" name="Net-(J1-Pad42)">
      <node ref="J1" pin="42"/>
    </net>
    <net code="20" name="Net-(J1-Pad43)">
      <node ref="J1" pin="43"/>
    </net>
    <net code="21" name="Net-(J1-Pad44)">
      <node ref="J1" pin="44"/>
    </net>
    <net code="22" name="/Input">
      <node ref="J1" pin="23"/>
      <node ref="J1" pin="48"/>
      <node ref="RV1" pin="3"/>
      <node ref="RV1" pin="2"/>
      <node ref="J1" pin="28"/>
      <node ref="J1" pin="3"/>
    </net>
    <net code="23" name="Net-(J1-Pad7)">
      <node ref="J1" pin="7"/>
    </net>
    <net code="24" name="Net-(J1-Pad8)">
      <node ref="J1" pin="8"/>
    </net>
    <net code="25" name="Net-(J1-Pad9)">
      <node ref="J1" pin="9"/>
    </net>
    <net code="26" name="Net-(J1-Pad32)">
      <node ref="J1" pin="32"/>
    </net>
    <net code="27" name="Net-(J1-Pad33)">
      <node ref="J1" pin="33"/>
    </net>
    <net code="28" name="Net-(J1-Pad34)">
      <node ref="J1" pin="34"/>
    </net>
    <net code="29" name="Net-(J1-Pad35)">
      <node ref="J1" pin="35"/>
    </net>
    <net code="30" name="Net-(J1-Pad36)">
      <node ref="J1" pin="36"/>
    </net>
    <net code="31" name="Net-(J1-Pad37)">
      <node ref="J1" pin="37"/>
    </net>
    <net code="32" name="Net-(J1-Pad38)">
      <node ref="J1" pin="38"/>
    </net>
    <net code="33" name="Net-(J1-Pad39)">
      <node ref="J1" pin="39"/>
    </net>
    <net code="34" name="Net-(C2-Pad1)">
      <node ref="D3" pin="1"/>
      <node ref="C2" pin="1"/>
      <node ref="RV2" pin="1"/>
      <node ref="D4" pin="2"/>
    </net>
    <net code="35" name="Net-(C1-Pad1)">
      <node ref="C1" pin="1"/>
      <node ref="R1" pin="1"/>
      <node ref="Q1" pin="2"/>
    </net>
    <net code="36" name="Net-(C2-Pad2)">
      <node ref="R2" pin="2"/>
      <node ref="R1" pin="2"/>
      <node ref="C2" pin="2"/>
      <node ref="Q1" pin="3"/>
    </net>
  </nets>
</export>
